,City,Lat,Lng,Max Temp,Humidity,Cloudiness,Wind Speed,Country,Date
0,Yellowknife,62.456,-114.3525,12.72,57,20,13.8,CA,1649731284
1,Qaqortoq,60.7167,-46.0333,31.17,53,76,12.71,GL,1649731437
2,Guerrero Negro,27.9769,-114.0611,60.44,79,0,13.11,MX,1649731438
3,Saldanha,-33.0117,17.9442,62.65,55,0,5.97,ZA,1649731438
4,George Town,5.4112,100.3354,87.73,74,20,5.01,MY,1649731439
5,Ushuaia,-54.8,-68.3,40.66,81,0,0.0,AR,1649731193
6,Vaini,-21.2,-175.2,86.16,74,40,14.97,TO,1649731439
7,Bluff,-46.6,168.3333,55.8,62,84,22.48,NZ,1649731440
8,Geraldton,-28.7667,114.6,70.21,60,0,13.8,AU,1649731440
9,Byron Bay,-28.65,153.6167,78.71,78,41,16.13,AU,1649731424
10,Busselton,-33.65,115.3333,72.34,46,0,7.94,AU,1649731440
11,Nikolskoye,59.7035,30.7861,33.8,94,100,3.47,RU,1649731441
12,Khatanga,71.9667,102.5,-3.41,95,98,1.41,RU,1649731441
13,Sayula,19.8667,-103.6167,64.26,68,42,3.02,MX,1649731442
14,Seoul,37.5683,126.9778,76.39,60,75,11.5,KR,1649731279
15,Shingū,33.7333,135.9833,70.11,66,6,5.77,JP,1649731442
16,Faanui,-16.4833,-151.75,81.46,74,20,12.06,PF,1649731443
17,Tiksi,71.6872,128.8694,1.29,88,99,5.37,RU,1649731443
18,Arāria,26.15,87.5167,83.14,56,12,12.5,IN,1649731444
19,Nanortalik,60.1432,-45.2371,30.6,73,89,10.07,GL,1649731444
20,Albany,42.6001,-73.9662,54.25,60,95,3.76,US,1649731441
21,Ilulissat,69.2167,-51.1,21.22,63,100,2.3,GL,1649731445
22,Rikitea,-23.1203,-134.9692,79.07,71,1,15.79,PF,1649731446
23,Kwang Binh,17.4833,106.6,81.18,72,28,4.29,VN,1649731446
24,Hobart,-42.8794,147.3294,66.25,53,20,16.11,AU,1649731354
25,Chokurdakh,70.6333,147.9167,10.81,87,100,10.67,RU,1649731447
26,Clyde River,70.4692,-68.5914,-9.17,77,0,3.44,CA,1649731447
27,New Norfolk,-42.7826,147.0587,65.91,49,76,4.0,AU,1649731448
28,Kabanjahe,3.1001,98.4908,74.62,67,83,1.21,ID,1649731448
29,Kimbe,-5.5502,150.1429,86.72,70,82,7.54,PG,1649731448
30,Zhangaözen,43.3,52.8,60.04,54,0,14.76,KZ,1649731449
31,Mar del Plata,-38.0023,-57.5575,55.87,90,0,8.01,AR,1649731261
32,Mizdah,31.4451,12.9801,50.32,72,81,9.48,LY,1649731449
33,Salina,38.8403,-97.6114,60.93,41,75,8.05,US,1649731450
34,Ballina,-28.8667,153.5667,80.78,78,75,16.11,AU,1649731450
35,Qaanaaq,77.484,-69.3632,-8.36,67,26,6.29,GL,1649731451
36,Jamestown,42.097,-79.2353,53.24,73,100,8.05,US,1649730865
37,Saint George,37.1041,-113.5841,73.99,20,0,29.93,US,1649731291
38,Lillooet,50.6856,-121.942,35.56,63,84,3.24,CA,1649731452
39,Balkanabat,39.5108,54.3671,69.19,43,5,14.16,TM,1649731452
40,Mataura,-46.1927,168.8643,55.47,53,57,8.03,NZ,1649731453
41,Cidreira,-30.1811,-50.2056,68.52,93,82,7.45,BR,1649731453
42,Dikson,73.5069,80.5464,14.11,91,100,23.24,RU,1649731454
43,Atuona,-9.8,-139.0333,79.2,78,46,14.14,PF,1649731454
44,Puerto Carreño,6.189,-67.4859,79.09,84,100,6.38,CO,1649731455
45,Salme,28.0369,85.0942,66.49,57,57,4.9,NP,1649731455
46,Port Alfred,-33.5906,26.891,66.18,91,100,4.0,ZA,1649731456
47,Mehamn,71.0357,27.8492,33.75,93,100,17.27,NO,1649731456
48,Villamaría,5.0449,-75.5146,64.87,95,100,4.43,CO,1649731456
49,Kawalu,-7.3817,108.2082,84.31,62,5,3.76,ID,1649731457
50,Alice Springs,-23.7,133.8833,94.55,16,5,13.8,AU,1649731282
51,Nieuw Amsterdam,5.8833,-55.0833,77.16,91,89,9.06,SR,1649731458
52,Hermanus,-34.4187,19.2345,66.04,63,85,5.03,ZA,1649731458
53,Saint-Philippe,-21.3585,55.7679,73.22,85,84,16.4,RE,1649731459
54,Vila Velha,-20.3297,-40.2925,75.94,93,40,1.14,BR,1649731459
55,Tselinnoye,53.0833,85.6667,37.51,50,1,10.07,RU,1649731460
56,Leningradskiy,69.3833,178.4167,-2.49,83,15,4.29,RU,1649731460
57,Kapaa,22.0752,-159.319,82.38,77,20,11.5,US,1649731461
58,Punta Arenas,-53.15,-70.9167,42.91,70,0,14.97,CL,1649731305
59,Tambopata,-12.7333,-69.1833,72.64,98,100,2.33,PE,1649731461
60,Zarubino,42.63,131.0922,43.92,85,100,12.53,RU,1649731462
61,Micheweni,-4.9667,39.8333,79.45,83,86,10.4,TZ,1649731462
62,Luanda,-8.8368,13.2343,76.68,86,100,6.55,AO,1649731164
63,Puerto Ayora,-0.7393,-90.3518,77.56,95,75,3.0,EC,1649731463
64,Broome,42.2506,-75.833,51.37,79,100,9.22,US,1649731463
65,Palu,-0.8917,119.8707,90.16,58,93,3.38,ID,1649731464
66,Ust'-Omchug,61.15,149.6333,10.49,75,6,5.59,RU,1649731464
67,Cockburn Town,21.4612,-71.1419,76.48,79,96,27.11,TC,1649731465
68,Gamba,-2.65,10.0,76.89,91,99,4.76,GA,1649731465
69,Solnechnyy,50.7214,136.6319,29.66,81,100,8.59,RU,1649731466
70,Tutóia,-2.7619,-42.2744,77.09,90,100,10.13,BR,1649731466
71,Mariehamn,60.0973,19.9348,30.06,86,0,1.14,AX,1649731467
72,Payo,-3.7508,103.6372,87.1,60,46,1.72,ID,1649731467
73,Mocuba,-16.8392,36.9856,69.57,98,21,1.92,MZ,1649731468
74,Caluquembe,-13.7833,14.6833,58.33,96,100,3.11,AO,1649731468
75,Durgapur,23.4833,87.3167,84.49,79,96,5.75,IN,1649731469
76,Oddur,4.1213,43.8894,74.39,83,80,6.6,SO,1649731469
77,Yining,29.0361,114.5636,89.8,36,21,1.21,CN,1649731470
78,Hong Kong,22.2855,114.1577,81.03,74,0,5.01,HK,1649731203
79,Ordu,40.9086,37.6845,36.1,95,100,10.2,TR,1649731470
80,Wakkanai,45.4094,141.6739,42.78,93,75,10.36,JP,1649731471
81,Esperance,-33.8667,121.9,67.84,80,75,16.6,AU,1649731471
82,Hithadhoo,-0.6,73.0833,83.37,68,14,12.03,MV,1649731472
83,Butaritari,3.0707,172.7902,81.32,74,73,9.28,KI,1649731472
84,Port Elizabeth,-33.918,25.5701,65.32,90,0,8.05,ZA,1649731473
85,Avarua,-21.2078,-159.775,80.65,78,20,4.61,CK,1649731473
86,Sal Rei,16.1833,-22.9167,68.59,80,99,17.98,CV,1649731473
87,Bredasdorp,-34.5322,20.0403,63.86,72,1,2.53,ZA,1649731474
88,Saskylakh,71.9167,114.0833,0.57,90,97,2.01,RU,1649731474
89,College,64.8569,-147.8028,41.32,44,0,10.36,US,1649731475
90,Buraidah,26.326,43.975,77.45,16,73,3.89,SA,1649731475
91,Bilma,18.6853,12.9164,81.82,7,0,6.26,NE,1649731475
92,Dingle,10.9995,122.6711,77.09,90,100,8.59,PH,1649731476
93,Pemba,-12.974,40.5178,79.14,81,25,10.56,MZ,1649731476
94,Whitefish,48.4111,-114.3376,30.51,50,100,19.57,US,1649731230
95,Chambéry,45.5667,5.9333,55.35,91,0,1.14,FR,1649731477
96,Kidal,18.4411,1.4078,82.02,5,0,10.13,ML,1649731477
97,Nouakchott,18.0858,-15.9785,66.13,82,100,14.14,MR,1649731478
98,Ancud,-41.8697,-73.8203,46.22,82,14,5.01,CL,1649731478
99,Thompson,55.7435,-97.8558,28.56,69,75,8.05,CA,1649731479
100,Upernavik,72.7868,-56.1549,13.71,95,100,8.84,GL,1649731479
101,Sumbe,-11.2061,13.8437,74.84,87,15,5.46,AO,1649731480
102,Petropavlovsk-Kamchatskiy,53.0452,158.6483,41.59,42,20,8.95,RU,1649731480
103,Kahului,20.8947,-156.47,82.42,72,75,21.85,US,1649731481
104,Bend,44.0582,-121.3153,34.88,67,40,14.97,US,1649731481
105,Bonnyville,54.2668,-110.735,22.32,75,100,15.19,CA,1649731482
106,Chifeng,42.2683,118.9636,48.97,19,35,12.53,CN,1649731482
107,Vila Franca do Campo,37.7167,-25.4333,61.21,96,91,7.99,PT,1649731483
108,Itaituba,-4.2761,-55.9836,73.98,99,100,0.45,BR,1649731483
109,Katsuura,35.1333,140.3,67.33,76,0,13.78,JP,1649731484
110,Hasaki,35.7333,140.8333,79.29,75,0,16.58,JP,1649731484
111,Praia da Vitória,38.7333,-27.0667,62.85,88,75,8.48,PT,1649731485
112,Kandrian,-6.2167,149.55,87.01,64,44,6.82,PG,1649731485
113,Ishigaki,24.3448,124.1572,78.93,78,20,9.22,JP,1649731486
114,Abu Dhabi,24.4667,54.3667,76.96,86,1,4.61,AE,1649731486
115,Beira,-19.8436,34.8389,73.22,93,87,5.57,MZ,1649731487
116,Mbala,-8.8402,31.3659,60.8,92,83,8.57,ZM,1649731487
117,Inverell,-29.7833,151.1167,80.11,43,0,7.0,AU,1649731487
118,Aykhal,66.0,111.5,21.92,75,44,3.06,RU,1649731488
119,Necochea,-38.5473,-58.7368,51.4,87,10,10.8,AR,1649731488
120,Verāval,20.9,70.3667,83.28,66,73,7.99,IN,1649731211
121,Pevek,69.7008,170.3133,-6.05,85,5,7.05,RU,1649731489
122,Ambilobe,-13.2,49.05,69.94,89,18,4.05,MG,1649731489
123,Zhigansk,66.7697,123.3711,8.89,84,51,12.17,RU,1649731490
124,Rovaniemi,66.5,25.7167,29.61,100,75,3.44,FI,1649731490
125,Padang,-0.9492,100.3543,86.05,63,48,3.49,ID,1649731490
126,Greater Sudbury,46.49,-80.99,41.97,86,100,9.71,CA,1649731424
127,Hilo,19.7297,-155.09,86.29,93,100,5.75,US,1649731491
128,Thap Than,15.4606,99.8917,94.32,35,24,3.06,TH,1649731491
129,Barrow,71.2906,-156.7887,21.22,86,100,10.36,US,1649731202
130,Tiébissou,7.1574,-5.2257,77.09,88,99,2.8,CI,1649731492
131,Narsaq,60.9167,-46.05,37.62,51,47,12.82,GL,1649731492
132,Coyhaique,-45.5752,-72.0662,42.75,75,20,5.75,CL,1649731493
133,Alofi,-19.0595,-169.9187,85.89,70,75,4.61,NU,1649731493
134,Acapulco de Juárez,16.8634,-99.8901,80.42,78,40,8.05,MX,1649731283
135,Rudnaya Pristan',44.3614,135.8116,40.87,96,100,3.96,RU,1649731494
136,Evensk,61.95,159.2333,20.37,61,6,10.36,RU,1649731495
137,Cherskiy,68.75,161.3,8.6,73,8,7.23,RU,1649731495
138,Ubari,26.5921,12.7805,68.52,24,92,17.27,LY,1649731496
139,Mollendo,-17.0231,-72.0147,66.63,80,96,7.67,PE,1649731496
140,Pangkalanbuun,-2.6833,111.6167,90.82,54,33,0.49,ID,1649731497
141,Bambous Virieux,-20.3428,57.7575,77.25,83,75,10.36,MU,1649731497
142,Robertsport,6.7533,-11.3686,79.14,90,78,6.24,LR,1649731497
143,Castro,-24.7911,-50.0119,62.02,98,72,3.4,BR,1649731498
144,Airai,-8.9266,125.4092,77.9,35,13,1.45,TL,1649731498
145,Kuusamo,65.9667,29.1833,30.24,93,75,10.36,FI,1649731499
146,Ponta do Sol,32.6667,-17.1,60.71,73,63,11.65,PT,1649731499
147,Xingyi,24.1877,102.817,69.66,45,77,11.88,CN,1649731500
148,Rocha,-34.4833,-54.3333,62.94,96,34,7.72,UY,1649731500
149,Buin,-33.7333,-70.75,62.74,56,97,1.45,CL,1649731501
150,Darovskoy,58.77,47.9564,39.51,97,100,7.11,RU,1649731501
151,Ambovombe,-25.1667,46.0833,72.63,85,100,17.45,MG,1649731502
152,The Valley,18.217,-63.0578,78.1,75,5,16.15,AI,1649731503
153,Norton,-17.8833,30.7,60.39,95,76,4.7,ZW,1649731503
154,East London,-33.0153,27.9116,64.4,94,100,7.78,ZA,1649731381
155,Keelung,25.1283,121.7419,89.06,70,9,3.53,TW,1649731504
156,Gbadolite,4.2833,21.0167,69.58,85,56,1.66,CD,1649731505
157,Arandis,-22.4167,14.9667,70.38,35,0,3.04,NA,1649731505
158,Neiafu,-18.65,-173.9833,84.88,79,40,4.61,TO,1649731506
159,Prince Rupert,54.3161,-130.3201,39.29,81,0,13.8,CA,1649731395
160,Avera,33.194,-82.5271,65.71,55,100,5.95,US,1649731506
161,Peniche,39.3558,-9.3811,57.11,93,64,11.48,PT,1649731507
162,Bethel,41.3712,-73.414,51.89,63,100,3.44,US,1649731238
163,Bongor,10.2806,15.3722,87.4,42,100,9.75,TD,1649731508
164,Polessk,54.862,21.1028,30.25,85,8,5.03,RU,1649731508
165,Pisco,-13.7,-76.2167,67.01,77,0,14.97,PE,1649731509
166,Los Llanos de Aridane,28.6585,-17.9182,60.55,86,20,4.61,ES,1649731509
167,Nova Olímpia,-14.7972,-57.2881,78.08,69,34,2.86,BR,1649731510
168,Kutum,14.2,24.6667,72.46,10,2,6.73,SD,1649731510
169,Cap-aux-Meules,47.3821,-61.8597,35.65,80,100,18.41,CA,1649731511
170,Codrington,-38.2667,141.9667,61.38,49,47,11.45,AU,1649731511
171,Tasiilaq,65.6145,-37.6368,19.56,83,100,4.83,GL,1649731512
172,Mossamedes,-15.1961,12.1522,76.66,74,89,7.72,AO,1649731512
173,Dwārka,22.2394,68.9678,81.7,74,67,9.69,IN,1649731437
174,Fortuna,40.5982,-124.1573,47.66,85,75,10.36,US,1649731513
175,Mahébourg,-20.4081,57.7,77.29,83,75,10.36,MU,1649731514
176,Kavieng,-2.5744,150.7967,85.84,64,48,8.81,PG,1649731514
177,Cape Town,-33.9258,18.4232,68.11,64,0,5.75,ZA,1649731515
178,Takoradze,4.8845,-1.7554,80.17,87,100,7.38,GH,1649731515
179,Beringovskiy,63.05,179.3167,28.67,86,100,11.5,RU,1649731516
180,Aklavik,68.2191,-135.0107,14.34,89,11,8.59,CA,1649731342
181,Punta de Bombón,-17.1717,-71.7931,66.94,78,100,7.81,PE,1649731516
182,Muros,42.7762,-9.0603,56.16,91,96,12.3,ES,1649731517
183,Norman Wells,65.282,-126.8329,15.84,35,20,12.66,CA,1649731517
184,Torbay,47.6666,-52.7314,35.58,89,100,26.46,CA,1649731507
185,Altay,47.8667,88.1167,43.03,34,4,2.62,CN,1649731518
186,Westport,41.1415,-73.3579,51.85,67,75,6.91,US,1649731324
187,Caceres,39.522,-6.3748,44.46,97,10,6.15,ES,1649731518
188,Salalah,17.0151,54.0924,78.89,83,20,1.14,OM,1649731519
189,Benguela,-12.5763,13.4055,74.88,87,43,2.8,AO,1649731519
190,Vaitape,-16.5167,-151.75,81.54,74,20,11.97,PF,1649731520
191,Beloha,-25.1667,45.05,71.29,85,100,13.44,MG,1649731520
192,Malabugas,9.3681,122.7678,79.75,85,100,14.07,PH,1649731521
193,Amazar,53.858,120.875,36.03,41,100,6.78,RU,1649731521
194,Jasper,37.2001,-94.3502,57.67,85,64,4.0,US,1649731516
195,Mount Isa,-20.7333,139.5,94.77,23,83,16.11,AU,1649731522
196,Laguna,38.421,-121.4238,57.49,27,0,13.8,US,1649731522
197,Beisfjord,68.3751,17.5988,36.05,98,100,3.42,NO,1649731523
198,Hirado,33.3597,129.5531,75.38,88,26,9.04,JP,1649731523
199,Saint Paul Harbor,57.79,-152.4072,51.31,32,0,11.5,US,1649731524
200,Tokmak,47.2514,35.7058,44.62,89,100,15.82,UA,1649731524
201,Exeter,50.7236,-3.5275,51.94,91,100,5.37,GB,1649731257
202,Laas,46.6166,10.7002,36.36,66,80,0.72,IT,1649731525
203,San Cristobal,7.7669,-72.225,73.58,92,95,1.72,VE,1649731525
204,Bocas del Toro,9.3333,-82.25,79.81,74,55,5.53,PA,1649731525
205,Kruisfontein,-34.0033,24.7314,62.15,81,98,4.23,ZA,1649731526
206,Port Augusta,-32.5,137.7667,88.47,24,26,10.51,AU,1649731526
207,Kaitangata,-46.2817,169.8464,56.98,50,66,11.03,NZ,1649731527
208,Souillac,-20.5167,57.5167,77.38,83,75,10.36,MU,1649731527
209,Paamiut,61.994,-49.6678,26.37,70,97,3.47,GL,1649731527
210,Maragogi,-9.0122,-35.2225,76.59,77,100,3.47,BR,1649731528
211,Bunia,1.5667,30.25,62.64,92,99,1.45,CD,1649731528
212,Sioux Lookout,50.1001,-91.917,37.47,56,75,12.66,CA,1649731372
213,Youghal,51.95,-7.8506,51.01,100,97,6.08,IE,1649731529
214,Kavaratti,10.5669,72.642,84.49,66,100,5.95,IN,1649731529
215,Carnarvon,-24.8667,113.6333,71.67,46,0,16.11,AU,1649731530
216,Havøysund,70.9963,24.6622,32.23,85,100,22.26,NO,1649731530
217,Mayo,38.8876,-76.5119,55.35,76,0,12.66,US,1649731531
218,Ca Mau,9.1769,105.15,87.17,61,40,3.56,VN,1649731531
219,Lebu,-37.6167,-73.65,50.9,85,65,3.15,CL,1649731532
220,San Patricio,28.017,-97.5169,77.09,91,100,13.65,US,1649731532
221,Linxi,39.7,118.4333,58.55,24,100,15.48,CN,1649731532
222,Fargo,46.8772,-96.7898,41.99,73,0,8.05,US,1649731481
223,Tecpan,14.7623,-90.9947,61.9,87,52,1.68,GT,1649731533
224,Hofn,64.2539,-15.2082,34.77,93,100,14.54,IS,1649731533
225,Keetmanshoop,-26.5833,18.1333,63.88,43,0,7.9,NA,1649731534
226,Andenes,69.3143,16.1194,33.78,93,100,3.44,NO,1649731534
227,Gnjilane,42.4604,21.4699,34.59,67,0,1.03,XK,1649731535
228,Mogadishu,2.0371,45.3438,81.18,79,82,6.49,SO,1649731250
229,Kuytun,54.3419,101.5036,29.59,57,100,8.66,RU,1649731535
230,Tocopilla,-22.092,-70.1979,63.88,70,21,7.34,CL,1649731536
231,Port Macquarie,-31.4333,152.9167,76.89,69,45,12.93,AU,1649731536
232,Ribeira Grande,38.5167,-28.7,60.62,92,100,10.69,PT,1649731537
233,Iqaluit,63.7506,-68.5145,10.13,84,40,0.0,CA,1649731537
234,Perth,-31.9333,115.8333,71.04,65,75,16.11,AU,1649731384
235,Morondava,-20.2833,44.2833,75.92,56,99,11.25,MG,1649731538
236,Chute-aux-Outardes,49.1168,-68.399,33.78,86,0,4.61,CA,1649731389
237,Yulara,-25.2406,130.9889,96.64,17,37,13.8,AU,1649731538
238,Naples,40.8333,14.25,51.85,66,0,2.3,IT,1649731287
239,Vanavara,60.34,102.2797,31.35,72,75,1.57,RU,1649731539
240,Novokizhinginsk,51.6115,109.5917,36.28,44,100,6.55,RU,1649731539
241,Praia,14.9215,-23.5087,68.54,73,40,16.11,CV,1649731540
242,Nautla,20.2167,-96.7833,76.82,83,71,14.16,MX,1649731540
243,Rome,43.2128,-75.4557,55.72,76,100,5.91,US,1649731541
244,San Vicente,-26.6167,-54.1333,63.3,100,100,2.46,AR,1649731541
245,Ossora,59.2353,163.0719,22.75,78,100,8.19,RU,1649731542
246,Vestmanna,62.1564,-7.1664,40.12,81,100,19.57,FO,1649731542
247,Weligama,5.9667,80.4167,83.5,71,95,5.95,LK,1649731542
248,Lüderitz,-26.6481,15.1594,66.97,54,0,4.9,NA,1649731543
249,Saint Anthony,45.0205,-93.218,51.15,55,0,3.44,US,1649731543
250,Dunedin,-45.8742,170.5036,54.81,67,75,8.01,NZ,1649731544
251,Kopervik,59.2835,5.3067,39.33,70,40,8.05,NO,1649731544
252,Moose Factory,51.2585,-80.6094,42.8,65,100,20.71,CA,1649731544
253,Faya,18.3851,42.4509,60.91,50,0,3.69,SA,1649731545
254,Vestmannaeyjar,63.4427,-20.2734,41.36,72,100,21.03,IS,1649731545
255,Diré,12.2833,-10.9667,88.03,16,92,1.59,ML,1649731546
256,Iberia,29.9502,-91.7507,72.05,83,100,12.66,US,1649731546
257,Progreso,21.2833,-89.6667,84.11,65,3,17.94,MX,1649731547
258,Nome,64.5011,-165.4064,34.16,69,0,10.36,US,1649731547
259,Alta Gracia,-31.6529,-64.4283,61.38,67,0,3.78,AR,1649731547
260,Kathmandu,27.7167,85.3167,71.82,83,75,0.0,NP,1649731387
261,Baykit,61.67,96.37,25.95,74,19,3.65,RU,1649731548
262,Chaman,30.9236,66.4512,75.74,10,98,1.59,PK,1649731549
263,La Ronge,55.1001,-105.2842,16.05,67,100,9.22,CA,1649731549
264,Longyearbyen,78.2186,15.6401,6.64,66,0,4.61,SJ,1649731258
265,Arraial do Cabo,-22.9661,-42.0278,76.19,84,61,14.94,BR,1649731550
266,Tiznit Province,29.5833,-9.5,54.18,84,47,4.92,MA,1649731550
267,Bengkulu,-3.8004,102.2655,83.95,66,68,2.17,ID,1649731551
268,Norfolk,42.1668,-71.2495,53.22,52,0,8.05,US,1649731253
269,Agüimes,27.9054,-15.4461,62.65,68,75,12.66,ES,1649731551
270,Flin Flon,54.7682,-101.865,23.04,91,99,9.37,CA,1649731552
271,Honiara,-9.4333,159.95,84.58,73,85,3.69,SB,1649731552
272,Tura,25.5198,90.2201,74.68,81,99,3.49,IN,1649731553
273,Zemio,5.0314,25.1361,69.08,80,96,2.48,CF,1649731553
274,Lavrentiya,65.5833,-171.0,25.38,89,100,11.43,RU,1649731554
275,Khorol,49.7837,33.2783,35.42,98,100,21.99,UA,1649731554
276,Goderich,43.7501,-81.7165,48.52,71,100,3.44,CA,1649731399
277,Kloulklubed,7.0419,134.2556,82.9,83,54,23.35,PW,1649731555
278,Mackay,-21.15,149.2,87.67,69,22,14.97,AU,1649731555
279,Severo-Kuril'sk,50.6789,156.125,31.64,79,32,7.09,RU,1649731556
280,Sittwe,20.15,92.9,84.34,64,22,6.29,MM,1649731557
281,Wagar,16.1525,36.2032,82.31,52,2,6.53,SD,1649731557
282,Semey,50.4111,80.2275,35.82,60,0,2.24,KZ,1649731275
283,Hay River,60.8156,-115.7999,13.98,67,100,10.36,CA,1649731558
284,Grindavik,63.8424,-22.4338,40.95,65,75,18.41,IS,1649731558
285,Klaksvík,62.2266,-6.589,41.92,79,100,26.17,FO,1649731559
286,Verkhnevilyuysk,63.4453,120.3167,26.08,80,99,3.47,RU,1649731559
287,Auki,-8.7676,160.7034,83.55,70,74,2.8,SB,1649731559
288,Coquimbo,-29.9533,-71.3436,55.13,94,3,2.3,CL,1649731560
289,Hamilton,39.1834,-84.5333,58.05,94,100,10.36,US,1649731329
290,Great Falls,47.5002,-111.3008,30.67,50,100,19.57,US,1649731560
291,Vélez-Málaga,36.7726,-4.1005,59.52,86,99,3.6,ES,1649731561
292,Severnyy,50.677,36.5532,42.84,100,100,6.71,RU,1649731561
293,Sitka,57.0531,-135.33,35.49,23,40,16.11,US,1649731442
294,Lumeje,-11.55,20.7833,64.78,90,47,5.5,AO,1649731562
295,Namatanai,-3.6667,152.4333,85.64,61,23,6.55,PG,1649731562
296,Ryōtsu-minato,38.0833,138.4333,65.07,51,3,6.42,JP,1649731563
297,Markova,48.6758,24.4138,30.47,79,39,4.34,UA,1649731563
298,Bilibino,68.0546,166.4372,1.8,70,41,2.91,RU,1649731563
299,Samarinda,-0.5,117.15,89.8,54,100,4.47,ID,1649731564
300,Amboasary,-25.0333,46.3833,72.23,87,100,10.63,MG,1649731564
301,Carballo,43.213,-8.691,54.55,89,100,8.25,ES,1649731565
302,Adrar,20.5022,-10.0711,77.04,7,31,11.63,MR,1649731565
303,Meulaboh,4.1363,96.1285,82.4,72,25,3.15,ID,1649731566
304,Khakhea,-24.6895,23.494,61.34,90,0,6.69,BW,1649731566
305,Kindersley,51.4668,-109.1682,24.82,54,100,17.27,CA,1649731567
306,Coahuayana Viejo,18.7333,-103.6833,73.04,82,100,1.12,MX,1649731524
307,Chittarkonda,18.1167,82.0833,88.79,42,28,1.79,IN,1649731567
308,Tankhoy,51.5528,105.1306,29.64,81,100,5.28,RU,1649731568
309,Ambon City,-3.6954,128.1814,87.94,66,40,2.3,ID,1649731569
310,Vostok,46.4856,135.8833,35.56,99,100,2.55,RU,1649731569
311,Bowen,-20.0167,148.2333,84.2,58,33,19.28,AU,1649731569
312,Lázaro Cárdenas,17.9583,-102.2,75.72,85,58,3.6,MX,1649731570
313,Waipawa,-41.4122,175.5153,63.61,70,100,12.19,NZ,1649731571
314,Palauig,15.435,119.9045,81.79,73,98,1.05,PH,1649731571
315,Roald,62.5833,6.1333,39.76,87,40,9.22,NO,1649731572
316,Bandarbeyla,9.4942,50.8122,78.49,87,12,5.95,SO,1649731572
317,Bloemfontein,-29.1211,26.214,49.6,90,34,6.08,ZA,1649731573
318,Iporá,-16.4419,-51.1178,69.4,89,8,2.01,BR,1649731573
319,Kuril'sk,45.2333,147.8833,42.71,88,100,4.5,RU,1649731574
320,Nāthdwāra,24.9333,73.8167,77.99,16,98,6.96,IN,1649731574
321,Wana,32.2989,69.5725,77.67,14,90,1.07,PK,1649731575
322,Sisimiut,66.9395,-53.6735,25.2,82,100,5.03,GL,1649731575
323,Chernyshevskiy,63.0128,112.4714,28.09,84,98,2.08,RU,1649731576
324,West Bay,19.3667,-81.4167,80.01,77,0,8.05,KY,1649731576
325,Lorengau,-2.0226,147.2712,85.69,65,10,9.71,PG,1649731577
326,Yarmouth,41.7057,-70.2286,46.96,77,0,6.91,US,1649731577
327,Riyadh,24.6877,46.7219,77.14,17,65,4.74,SA,1649731578
328,Pavlovka,52.6897,47.1405,49.19,85,74,5.77,RU,1649731578
329,Olafsvik,64.8945,-23.7142,33.51,79,75,23.13,IS,1649731578
330,Kalengwa,-13.4659,25.0027,60.21,98,92,3.47,ZM,1649731579
331,Tuktoyaktuk,69.4541,-133.0374,1.4,78,20,6.91,CA,1649731579
332,Burnie,-41.0667,145.9167,62.69,52,77,3.89,AU,1649731580
333,Hooksett,43.0967,-71.4651,52.63,61,0,5.75,US,1649731580
334,São Félix do Xingu,-6.6447,-51.995,72.16,98,39,1.39,BR,1649731581
335,Viedma,-40.8135,-62.9967,53.49,62,36,7.25,AR,1649731581
336,Podosinovets,60.2776,47.0659,39.22,99,100,6.22,RU,1649731581
337,Baruun-Urt,46.6806,113.2792,39.2,29,100,1.1,MN,1649731582
338,Fuling,29.7022,107.3919,65.8,93,100,4.63,CN,1649731582
339,Iracoubo,5.4802,-53.2011,76.75,89,37,10.45,GF,1649731583
340,Antalaha,-14.9003,50.2788,76.37,79,38,10.0,MG,1649731584
341,Lokosovo,61.1333,74.8167,31.23,96,100,6.58,RU,1649731584
342,Bonavista,48.6499,-53.1147,31.69,96,100,38.7,CA,1649731584
343,Santa Maria,-29.6842,-53.8069,67.3,94,20,1.14,BR,1649731585
344,Jalu,29.0331,21.5482,56.61,48,0,9.73,LY,1649731585
345,Mundo Nuevo (Ojo de Agua),18.7,-95.5,79.66,73,9,6.22,MX,1649731586
346,Barcelos,41.5388,-8.6151,53.74,93,100,9.51,PT,1649731586
347,Yozgat Province,39.5833,35.3333,32.72,98,100,12.46,TR,1649731586
348,Harper,4.375,-7.7169,79.72,87,100,7.25,LR,1649731587
349,Naze,28.3667,129.4833,74.32,81,16,7.74,JP,1649731587
350,Lata,40.1629,-8.3327,49.14,96,100,4.74,PT,1649731588
351,San Matías,-16.3667,-58.4,78.19,74,6,5.37,BO,1649731588
352,São João da Barra,-21.6403,-41.0511,76.01,84,16,7.56,BR,1649731589
353,Formosa,-26.1775,-58.1781,67.98,88,75,20.71,AR,1649731589
354,São Filipe,14.8961,-24.4956,70.09,73,100,6.98,CV,1649731590
355,Maralal,1.0968,36.698,57.78,72,49,4.23,KE,1649731590
356,Kiryat Gat,31.61,34.7642,57.88,100,14,6.31,IL,1649731590
357,Ostrovnoy,68.0531,39.5131,30.56,87,74,22.57,RU,1649731591
358,Yar-Sale,66.8333,70.8333,34.79,100,100,11.61,RU,1649731591
359,Mizhou,35.9947,119.3975,57.13,72,100,18.03,CN,1649731592
360,Morros,-9.4467,-46.3003,75.07,76,9,2.28,BR,1649731592
361,Sabancuy,18.9667,-91.1833,81.97,64,14,12.77,MX,1649731592
362,Trelleborg,55.3751,13.1569,33.75,67,17,3.69,SE,1649731593
363,Ōdachō-ōda,35.1833,132.5,75.97,81,59,4.32,JP,1649731593
364,Husavik,66.0449,-17.3389,27.59,94,92,6.15,IS,1649731594
365,Kushmurun,52.4503,64.6311,42.98,67,100,16.24,KZ,1649731594
366,Sobolevo,54.4299,31.8996,36.45,76,100,8.79,RU,1649731595
367,Missoula,47.0166,-113.8009,25.2,61,100,17.69,US,1649731595
368,Bara,10.3744,10.7288,86.02,35,82,3.87,NG,1649731586
369,Oyonnax,46.2592,5.6573,48.06,90,78,5.64,FR,1649731596
370,Orlovskiy,46.8714,42.0592,49.53,79,15,11.36,RU,1649731596
371,Camacha,33.0833,-16.3333,58.42,77,40,13.8,PT,1649731597
372,Talnakh,69.4865,88.3972,16.21,83,100,11.48,RU,1649731597
373,Bukachacha,52.9833,116.9167,37.53,34,16,6.82,RU,1649731597
374,Caravelas,-17.7125,-39.2481,75.4,85,0,1.07,BR,1649731598
375,Gravdal,68.1214,13.5031,38.01,76,54,6.15,NO,1649731598
376,Cooma,-36.2333,149.1333,56.97,62,100,5.75,AU,1649731599
377,Canberra,-35.2835,149.1281,66.45,64,100,6.91,AU,1649731327
378,Taoudenni,22.6783,-3.9836,79.3,6,100,7.31,ML,1649731599
379,Ambulu,-8.345,113.6058,84.22,64,85,3.49,ID,1649731600
380,Kushiro,42.975,144.3747,43.75,93,75,11.5,JP,1649731600
381,Atasū,48.6814,71.6433,43.75,43,100,15.75,KZ,1649731601
382,Balikpapan,-1.2675,116.8289,85.19,84,20,9.22,ID,1649731601
383,Hingoli,19.7167,77.15,92.23,25,100,4.16,IN,1649731602
384,Zhuhai,22.2769,113.5678,83.86,83,40,3.44,CN,1649731602
385,Ulladulla,-35.35,150.4667,65.3,64,99,8.52,AU,1649731602
386,Funtua,11.5233,7.3081,78.03,46,62,12.59,NG,1649731603
387,Manavālakurichi,8.1333,77.3,82.69,73,100,1.57,IN,1649731603
388,Quelimane,-17.8786,36.8883,78.75,94,100,4.61,MZ,1649731604
389,Emerald,-23.5333,148.1667,89.74,35,40,5.75,AU,1649731604
390,Yamada,39.4667,141.95,68.05,42,8,5.66,JP,1649731604
391,Yate,51.5407,-2.4184,51.73,77,74,1.01,GB,1649731605
392,Chui,-33.6971,-53.4616,65.48,94,10,5.21,UY,1649731601
393,Mackenzie,55.2999,-123.1698,17.82,53,0,16.11,CA,1649731507
394,Orsha,54.5153,30.4053,33.8,82,100,8.14,BY,1649731606
395,Nyaunglebin,17.95,96.7333,90.46,44,0,9.69,MM,1649731606
396,Marrakesh,31.6315,-8.0083,57.27,77,40,4.61,MA,1649731426
397,Homer,59.6425,-151.5483,49.89,40,0,3.44,US,1649731363
398,Nicoya,10.1483,-85.452,80.26,62,94,9.75,CR,1649731607
399,Olinda,-8.0089,-34.8553,80.33,78,0,2.3,BR,1649731608
400,Miles City,46.4083,-105.8406,43.77,33,100,16.11,US,1649731364
401,Araouane,18.9048,-3.5265,79.95,5,54,8.93,ML,1649731608
402,Campeche,19.0,-90.5,79.79,64,26,7.16,MX,1649731609
403,Dubai,25.2582,55.3047,73.65,78,1,8.05,AE,1649731609
404,Egvekinot,66.3167,-179.1667,6.06,84,100,11.65,RU,1649731609
405,Sakakah,29.9697,40.2064,69.37,27,57,8.7,SA,1649731610
406,Luancheng,37.8792,114.6517,66.36,35,100,12.48,CN,1649731610
407,Kamenka,51.3223,42.7678,48.58,84,53,10.49,RU,1649731611
408,Durban,-29.8579,31.0292,69.93,99,75,8.99,ZA,1649731586
409,Okrika,4.7416,7.0849,77.32,86,100,4.65,NG,1649731611
410,Bandar,2.05,99.75,86.94,59,73,1.66,ID,1649731612
411,Bindi,9.9167,-11.45,75.69,74,69,4.29,SL,1649731612
412,Yatou,37.15,122.3833,53.08,78,100,17.09,CN,1649731613
413,Half Moon Bay,37.4636,-122.4286,53.02,67,0,25.32,US,1649731507
414,Kalmunai,7.4167,81.8167,81.77,72,99,2.01,LK,1649731613
415,Patu,-6.11,-37.6367,72.64,92,26,4.85,BR,1649731613
416,Tokonou,9.65,-9.7833,75.25,67,73,7.31,GN,1649731614
417,Chokwé,-24.5333,32.9833,67.05,96,6,4.27,MZ,1649731614
418,Karratha,-20.7377,116.8463,90.01,22,0,1.81,AU,1649731615
419,Quatre Cocos,-20.2078,57.7625,77.11,75,87,17.2,MU,1649731615
420,Vega de Alatorre,20.0333,-96.6333,78.91,75,72,11.52,MX,1649731615
421,Mariental,-24.6333,17.9667,63.03,54,0,9.06,NA,1649731616
422,Tuatapere,-46.1333,167.6833,56.98,51,46,9.33,NZ,1649731616
423,Sechelt,49.4664,-123.7694,53.55,56,85,3.96,CA,1649731331
424,Grootfontein,-19.5667,18.1167,60.37,94,90,2.3,NA,1649731617
425,Sosnovo-Ozerskoye,52.5249,111.5418,33.1,47,96,7.83,RU,1649731617
426,Kashgar,39.4547,75.9797,65.41,24,20,6.71,CN,1649731618
427,Cabo San Lucas,22.8909,-109.9124,74.61,67,0,17.27,MX,1649731618
428,Khāsh,28.2211,61.2158,70.92,10,2,3.27,IR,1649731619
429,Boende,-0.2167,20.8667,68.79,94,71,1.05,CD,1649731619
430,San Quintín,30.4833,-115.95,59.81,79,3,13.8,MX,1649731620
431,Ixtapa,20.7,-105.2,69.78,86,2,1.97,MX,1649731620
432,Luau,-10.7073,22.2247,61.38,97,13,4.14,AO,1649731621
433,Soavinandriana,-19.1667,46.7333,55.24,84,32,7.16,MG,1649731621
434,Kaeo,-35.1,173.7833,65.32,92,100,16.96,NZ,1649731621
435,Cizre,37.3272,42.1903,51.51,65,34,3.83,TR,1649731622
436,Ilebo,-4.3167,20.5833,69.76,91,48,0.74,CD,1649731622
437,Barinas,8.6226,-70.2075,83.08,52,74,4.14,VE,1649731623
438,Esil,51.9556,66.4042,41.67,60,100,15.82,KZ,1649731623
439,Lucapa,-8.4192,20.7447,63.86,91,95,3.24,AO,1649731624
440,Gilgit,35.9221,74.3087,65.84,43,100,2.13,PK,1649731624
441,Marsh Harbour,26.5412,-77.0636,71.06,62,0,18.23,BS,1649731625
442,Rochegda,62.8,43.25,33.35,98,100,3.6,RU,1649731625
443,Miguel Hidalgo,19.4225,-99.2028,71.58,38,75,5.99,MX,1649731333
444,Hobyo,5.3505,48.5268,81.7,71,60,7.0,SO,1649731626
445,Bam,29.106,58.357,73.8,11,0,4.83,IR,1649731626
446,Heraclea,37.5133,34.0467,34.45,92,100,5.97,TR,1649731626
447,Esso,55.9333,158.7,28.94,77,100,3.18,RU,1649731627
448,Bambanglipuro,-7.95,110.2833,86.27,61,22,6.8,ID,1649731627
449,Lompoc,34.6391,-120.4579,52.57,62,0,19.57,US,1649731520
450,Bealanana,-14.55,48.7333,60.84,97,89,5.48,MG,1649731628
451,Province of Mantua,45.1667,10.7833,47.35,82,26,1.01,IT,1649731629
452,Nichinan,31.6,131.3667,65.88,82,51,1.05,JP,1649731629
453,Palāsa,18.7667,84.4167,87.78,60,55,11.99,IN,1649731630
454,Bahía Blanca,-38.7196,-62.2724,53.06,60,4,6.87,AR,1649731630
455,Brae,60.3964,-1.353,41.43,74,100,17.34,GB,1649731631
456,Sistranda,63.7256,8.834,39.16,76,100,18.84,NO,1649731631
457,Yanam,16.7333,82.2167,90.25,55,23,3.24,IN,1649731632
458,Shimoda,34.6667,138.95,71.96,64,0,9.1,JP,1649731632
459,Nishifukuma,33.7667,130.4667,74.28,70,8,6.91,JP,1649731633
460,Beaverlodge,55.2166,-119.4361,18.75,67,100,13.89,CA,1649731633
461,Tsiroanomandidy,-18.7667,46.0333,60.28,84,16,2.75,MG,1649731634
462,São Paulo de Olivença,-3.3783,-68.8725,73.74,97,100,0.56,BR,1649731634
463,Bairiki Village,1.3292,172.9752,86.0,70,20,4.61,KI,1649731635
464,Najrān,17.4924,44.1277,65.05,29,0,5.91,SA,1649731635
465,Gorgan,36.8387,54.4348,72.5,27,1,7.76,IR,1649731635
466,Dovers,12.8833,-61.1833,79.02,77,48,19.64,VC,1649731636
467,Sola,-13.8833,167.55,82.4,69,10,5.55,VU,1649731637
468,Dori,14.0354,-0.0345,85.6,12,44,4.61,BF,1649731638
469,Port Lincoln,-34.7333,135.8667,65.26,66,100,13.65,AU,1649731638
470,Belaya Gora,68.5333,146.4167,13.62,78,69,6.29,RU,1649731639
471,Srandakan,-7.9386,110.2506,86.49,61,23,6.8,ID,1649731639
472,Paragominas,-2.9667,-47.4833,72.7,98,100,2.42,BR,1649731640
473,Provideniya,64.3833,-173.3,28.51,80,100,20.13,RU,1649731641
474,Bowmore,34.9421,-79.3031,72.25,40,0,13.8,US,1649731641
475,Hoopstad,-27.8327,25.9083,54.21,89,8,4.29,ZA,1649731641
476,Tsimmerbude,54.675,20.1347,30.25,84,4,6.11,RU,1649731642
477,Yumen,40.2833,97.2,47.1,12,3,9.62,CN,1649731642
478,Lagoa,39.05,-27.9833,59.45,93,100,16.67,PT,1649731643
479,Namwala,-15.7504,26.4384,60.64,96,70,2.46,ZM,1649731643
480,Río Gallegos,-51.6226,-69.2181,37.45,75,0,6.91,AR,1649731526
481,Rāwah,34.4816,41.9093,60.76,40,0,20.22,IQ,1649731644
482,Gawler,-34.6,138.7333,72.16,49,95,7.09,AU,1649731644
483,Tilichiki,60.4667,166.1,10.71,82,100,13.4,RU,1649731645
484,Isangel,-19.55,169.2667,84.22,70,7,12.12,VU,1649731645
485,Kautokeino,69.0125,23.0412,24.3,84,100,6.46,NO,1649731645
486,Saint-Joseph,-21.3667,55.6167,72.21,83,64,17.07,RE,1649731646
487,Dabat,12.9842,37.765,61.09,35,66,4.59,ET,1649731646
488,Bang Khla,13.7214,101.2081,95.25,100,41,7.96,TH,1649731647
489,Dalvik,65.9702,-18.5286,33.73,93,93,4.05,IS,1649731647
490,Hauterive,46.0901,3.4459,56.16,45,88,8.03,FR,1649731648
491,Rabo de Peixe,37.8,-25.5833,60.31,94,75,11.5,PT,1649731648
492,Santo Antônio do Içá,-3.1022,-67.9397,73.72,99,93,1.9,BR,1649731648
493,Igurubi,-4.0,33.7,64.49,80,92,5.84,TZ,1649731649
494,Benghazi,32.1167,20.0667,55.71,67,34,10.92,LY,1649731649
495,Tautira,-17.7333,-149.15,81.99,72,23,14.7,PF,1649731650
496,Mahibadhoo,3.7833,72.9667,84.49,70,50,10.18,MV,1649731650
497,Esqueda,30.7167,-109.5833,63.14,33,0,20.04,MX,1649731650
498,Esik,43.3552,77.4525,51.22,55,98,1.66,KZ,1649731651
499,Suchedniów,51.0478,20.8292,37.02,86,35,4.12,PL,1649731651
500,Debre Birhan,9.6833,39.5333,48.85,82,13,3.36,ET,1649731652
501,Flinders,-34.5833,150.8552,71.19,68,94,4.0,AU,1649731652
502,Barra de Tecoanapa,16.5167,-98.75,79.97,76,22,4.56,MX,1649731652
503,Baghdad,33.3406,44.4009,71.51,26,100,20.71,IQ,1649731515
504,Numan,9.4667,12.0333,88.16,32,80,4.03,NG,1649731653
505,Álamos,27.0167,-108.9333,70.14,59,100,2.68,MX,1649731517
506,Victor Harbor,-35.5667,138.6167,65.68,61,98,8.84,AU,1649731654
507,Makakilo City,21.3469,-158.0858,82.72,58,100,19.57,US,1649731654
508,Port Hardy,50.6996,-127.4199,46.58,53,40,14.97,CA,1649731655
509,Coswig,51.1333,13.5833,42.28,72,0,3.44,DE,1649731655
510,Texarkana,33.4251,-94.0477,79.02,59,100,10.36,US,1649731585
511,Rosa Zarate,0.3333,-79.4667,74.61,96,99,1.23,EC,1649731656
512,Merauke,-8.4667,140.3333,86.97,66,50,6.11,ID,1649731656
513,Cervo,43.6702,-7.4101,53.74,72,81,10.16,ES,1649731656
514,Ormara,25.2088,64.6357,79.27,77,0,6.2,PK,1649731657
515,Pułtusk,52.7025,21.0828,39.06,86,9,3.83,PL,1649731657
516,Cachipay,5.2667,-74.5667,73.02,98,100,0.96,CO,1649731658
517,Opunake,-39.4556,173.8583,71.46,75,100,13.11,NZ,1649731658
518,Taywarah,33.35,64.4167,51.26,17,0,0.45,AF,1649731659
519,Dryden,49.7833,-92.7503,35.89,55,40,9.22,CA,1649731659
520,Puerto Pailas,-17.667,-62.7909,79.72,81,44,10.11,BO,1649731660
521,Kumul,42.8,93.45,54.77,11,28,19.69,CN,1649731660
522,Durham,36.0335,-78.8664,72.14,57,100,10.36,US,1649731381
523,Hornepayne,49.2138,-84.7705,36.03,80,99,15.64,CA,1649731661
524,Schortens,53.5333,7.95,42.78,70,100,10.18,DE,1649731661
525,Rawson,-43.3002,-65.1023,54.73,67,100,16.46,AR,1649731661
526,Kasongo-Lunda,-6.4667,16.8167,69.48,98,98,1.63,CD,1649731662
527,Paita,-5.0892,-81.1144,70.12,83,51,14.18,PE,1649731662
528,Guánica,17.9716,-66.908,77.95,82,62,4.41,PR,1649731663
529,Tarakan,3.3,117.6333,85.5,74,20,6.91,ID,1649731663
530,Youkounkoun,12.5333,-13.1333,78.37,46,34,8.01,GN,1649731663
531,Okha,53.5739,142.9478,30.4,76,100,17.22,RU,1649731664
532,Cairns,-16.9167,145.7667,89.06,85,75,9.22,AU,1649731572
533,Isla Mujeres,21.2311,-86.731,78.85,78,25,19.13,MX,1649731665
534,Sora,41.7157,13.6141,47.1,73,32,3.22,IT,1649731665
535,Lima,-12.0432,-77.0282,64.65,77,0,13.8,PE,1649731596
536,Margate,51.3813,1.3862,51.12,82,100,1.99,GB,1649731666
537,Ola,59.5833,151.2833,26.15,56,0,4.99,RU,1649731666
538,Khovd,48.0056,91.6419,34.21,29,7,2.1,MN,1649731667
539,Ushtobe,45.2514,77.9838,59.27,35,100,11.97,KZ,1649731667
540,Mosquera,4.7059,-74.2302,60.89,67,40,8.05,CO,1649731467
541,La Grande,45.3246,-118.0877,35.02,83,96,5.79,US,1649731668
542,Xining,36.6167,101.7667,48.99,27,36,6.67,CN,1649731668
543,Tegul'det,57.3064,88.1667,31.37,80,100,5.61,RU,1649731668
544,Gobabis,-22.45,18.9667,64.54,53,3,9.08,NA,1649731669
545,Constitución,-35.3333,-72.4167,54.48,66,100,8.48,CL,1649731611
546,Klyuchevskiy,53.5317,119.4519,34.9,41,92,2.95,RU,1649731669
547,Neuruppin,52.9282,12.8031,33.1,85,69,6.29,DE,1649731670
548,Sangar,63.9242,127.4739,24.42,78,45,2.71,RU,1649731670
549,Makat,47.6469,53.3463,55.71,75,0,8.68,KZ,1649731671
